0.0,0.0,0.0,0.0,0.0,0.0
-0.0012203697609948938,0.0017453292519943294,0.0017453292519943294,-0.0017453292519943294,0.0,0.0017453292519943294
-0.0027966331586866643,0.0069813170079773175,0.0069813170079773175,-0.006422318873053138,0.0,0.0069813170079773175
-0.004372896556378434,0.015707963267948963,0.015155616600423083,-0.011428150323813249,0.0,0.015707963267948963
-0.005949159954070205,0.027735397718663225,0.0236638947873672,-0.016433981774573364,0.0,0.02792526803190927
-0.007525423351761975,0.04054670864913117,0.03217217297431132,-0.021439813225333476,0.0,0.042596668764795016
-0.009101686749453745,0.05335801957959911,0.04068045116125543,-0.026445644676093588,0.0,0.05735987361778971
-0.010677950147145517,0.06616933051006707,0.04918872934819955,-0.0314514761268537,0.0,0.07212307847078442
-0.012254213544837286,0.07898064144053502,0.05769700753514366,-0.03645730757761381,0.0,0.0868862833237791
-0.013830476942529056,0.09179195237100293,0.06620528572208778,-0.04146313902837392,0.0,0.1016494881767738
-0.015406740340220828,0.1046032633014709,0.0747135639090319,-0.046468970479134036,0.0,0.1164126930297685
-0.016983003737912596,0.11741457423193885,0.08322184209597602,-0.05147480192989414,0.0,0.13117589788276318
-0.018559267135604365,0.13022588516240677,0.09173012028292013,-0.056480633380654253,0.0,0.1459391027357579
-0.02013553053329614,0.14303719609287474,0.10023839846986425,-0.06148646483141437,0.0,0.1607023075887526
-0.02171179393098791,0.1558485070233427,0.10874667665680837,-0.06649229628217448,0.0,0.1754655124417473
-0.023288057328679675,0.1686598179538106,0.11725495484375248,-0.0714981277329346,0.0,0.19022871729474194
-0.024864320726371448,0.18147112888427858,0.1257632330306966,-0.07650395918369471,0.0,0.20499192214773668
-0.02644058412406322,0.19428243981474652,0.13427151121764072,-0.08150979063445482,0.0,0.21975512700073138
-0.028016847521754987,0.20709375074521444,0.14277978940458483,-0.08651562208521492,0.0,0.23451833185372603
-0.029593110919446757,0.21990506167568238,0.15128806759152894,-0.09152145353597504,0.0,0.24928153670672076
-0.03116937431713853,0.23271637260615036,0.15979634577847307,-0.09652728498673516,0.0,0.26404474155971547
-0.0327456377148303,0.24552768353661827,0.16830462396541718,-0.10153311643749525,0.0,0.2788079464127101
-0.03432190111252207,0.25833899446708625,0.17681290215236128,-0.10653894788825538,0.0,0.2935711512657048
-0.03589816451021385,0.2711503053975542,0.18532118033930542,-0.11154477933901549,0.0,0.3083343561186995
-0.03747442790790561,0.2839616163280221,0.19382945852624953,-0.11655061078977559,0.0,0.32309756097169423
-0.039050691305597386,0.2967729272584901,0.20233773671319363,-0.12155644224053572,0.0,0.33786076582468894
-0.040626954703289156,0.309584238188958,0.21084601490013777,-0.12656227369129583,0.0,0.35262397067768364
-0.042203218100980926,0.322395549119426,0.21935429308708188,-0.13156810514205594,0.0,0.36738717553067834
-0.043779481498672695,0.3352068600498939,0.227862571274026,-0.13657393659281605,0.0,0.38215038038367305
-0.045355744896364465,0.3480181709803618,0.2363708494609701,-0.14157976804357617,0.0,0.3969135852366677
-0.046932008294056235,0.36082948191082975,0.2448791276479142,-0.14658559949433628,0.0,0.4116767900896624
-0.048508271691748005,0.37364079284129775,0.2533874058348583,-0.1515914309450964,0.0,0.4264399949426571
-0.050084535089439775,0.3864521037717657,0.2618956840218024,-0.1565972623958565,0.0,0.4412031997956518
-0.05166079848713155,0.39926341470223364,0.2704039622087466,-0.1616030938466166,0.0,0.4559664046486465
-0.05323706188482332,0.4120747256327016,0.2789122403956907,-0.16660892529737673,0.0,0.4707296095016412
-0.05481332528251509,0.42488603656316953,0.2874205185826348,-0.17161475674813684,0.0,0.4854928143546359
-0.056389588680206854,0.4376973474936374,0.2959287967695789,-0.17662058819889695,0.0,0.5002560192076306
-0.05796585207789863,0.4505086584241054,0.304437074956523,-0.18162641964965706,0.0,0.5150192240606253
-0.0595421154755904,0.46331996935457337,0.3129453531434671,-0.18663225110041717,0.0,0.52978242891362
-0.06111837887328217,0.4761312802850413,0.32145363133041127,-0.19163808255117729,0.0,0.5445456337666147
-0.06269464227097393,0.48894259121550926,0.3299619095173554,-0.1966439140019374,0.0,0.5593088386196094
-0.06427090566866571,0.5017539021459773,0.3384701877042995,-0.2016497454526975,0.0,0.5740720434726042
-0.06584716906635747,0.5145652130764451,0.3469784658912436,-0.20665557690345762,0.0,0.5888352483255987
-0.06742343246404923,0.5273765240069131,0.3554867440781877,-0.21166140835421773,0.0,0.6035984531785935
-0.06899969586174101,0.5401878349373811,0.3639950222651318,-0.21666723980497785,0.0,0.6183616580315882
-0.07057595925943279,0.552999145867849,0.3725033004520759,-0.22167307125573796,0.0,0.6331248628845829
-0.07215222265712455,0.565810456798317,0.3810115786390201,-0.22667890270649807,0.0,0.6478880677375776
-0.07372848605481633,0.5786217677287849,0.3895198568259642,-0.23168473415725818,0.0,0.6626512725905723
-0.07530474945250809,0.5914330786592529,0.3980281350129083,-0.2366905656080183,0.0,0.677414477443567
-0.07688101285019987,0.6042443895897208,0.4065364131998524,-0.2416963970587784,0.0,0.6921776822965616
-0.07845727624789163,0.6170557005201888,0.4150446913867965,-0.24670222850953852,0.0,0.7069408871495564
-0.08003353964558342,0.6298670114506567,0.4235529695737406,-0.25170805996029866,0.0,0.721704092002551
-0.08160980304327518,0.6426783223811247,0.4320612477606848,-0.2567138914110588,0.0,0.7364672968555458
-0.08318606644096696,0.6554896333115926,0.44056952594762894,-0.26171972286181894,0.0,0.7512305017085404
-0.08476232983865874,0.6683009442420605,0.44907780413457304,-0.26672555431257905,0.0,0.7659937065615352
-0.0863385932363505,0.6811122551725285,0.45758608232151715,-0.27173138576333916,0.0,0.78075691141453
-0.08791485663404228,0.6939235661029964,0.4660943605084613,-0.2767372172140993,0.0,0.7955201162675246
-0.08949112003173404,0.7067348770334645,0.4746026386954054,-0.2817430486648594,0.0,0.8102833211205194
-0.09106738342942579,0.7195461879639322,0.48311091688234936,-0.2867488801156194,0.0,0.8250465259735139
-0.09264364682711755,0.7323574988944002,0.49161919506929347,-0.2917547115663795,0.0,0.8398097308265086
-0.09421991022480933,0.7451688098248682,0.5001274732562376,-0.2967605430171396,0.0,0.8545729356795033
-0.09579617362250109,0.7579801207553362,0.5086357514431817,-0.3017663744678997,0.0,0.869336140532498
-0.09737243702019287,0.7707914316858041,0.5171440296301258,-0.30677220591865983,0.0,0.8840993453854927
-0.09894870041788464,0.783602742616272,0.52565230781707,-0.31177803736941995,0.0,0.8988625502384874
-0.1005249638155764,0.79641405354674,0.5341605860040141,-0.3167838688201801,0.0,0.9136257550914821
-0.10210122721326818,0.8092253644772079,0.5426688641909582,-0.3217897002709402,0.0,0.9283889599444768
-0.10367749061095996,0.8220366754076759,0.5511771423779024,-0.32679553172170034,0.0,0.9431521647974715
-0.10525375400865172,0.8348479863381438,0.5596854205648465,-0.33180136317246045,0.0,0.9579153696504663
-0.1068300174063435,0.8476592972686118,0.5681936987517906,-0.33680719462322056,0.0,0.972678574503461
-0.10840628080403528,0.8604706081990798,0.5767019769387347,-0.3418130260739807,0.0,0.9874417793564557
-0.10998254420172704,0.8732819191295478,0.5852102551256788,-0.3468188575247408,0.0,1.0022049842094503
-0.11155880759941882,0.8860932300600155,0.5937185333126229,-0.3518246889755009,0.0,1.016968189062445
-0.11313507099711059,0.8989045409904836,0.6022268114995671,-0.356830520426261,0.0,1.0317313939154396
-0.11471133439480236,0.9117158519209515,0.6107350896865112,-0.3618363518770211,0.0,1.0464945987684344
-0.11628759779249413,0.9245271628514194,0.6192433678734554,-0.36684218332778123,0.0,1.061257803621429
-0.1178638611901859,0.9373384737818874,0.6277516460603995,-0.37184801477854135,0.0,1.0760210084744237
-0.11944012458787767,0.9501497847123553,0.6362599242473436,-0.3768538462293015,0.0,1.0907842133274184
-0.12101638798556945,0.9629610956428233,0.6447682024342877,-0.3818596776800616,0.0,1.1055474181804132
-0.12259265138326121,0.9757724065732912,0.6532764806212318,-0.38686550913082174,0.0,1.120310623033408
-0.12416891478095299,0.9885837175037592,0.661784758808176,-0.39187134058158185,0.0,1.1350738278864025
-0.12574517817864478,1.001395028434227,0.6702930369951201,-0.39687717203234196,0.0,1.1498370327393974
-0.12732144157633654,1.014206339364695,0.6788013151820642,-0.4018830034831021,0.0,1.164600237592392
-0.1288977049740283,1.0270176502951631,0.6873095933690083,-0.4068888349338622,0.0,1.1793634424453867
-0.1304739683717201,1.039828961225631,0.6958178715559524,-0.4118946663846223,0.0,1.1941266472983814
-0.13205023176941183,1.0526402721560988,0.7043261497428964,-0.4169004978353823,0.0,1.208889852151376
-0.1336264951671036,1.0654515830865667,0.7128344279298405,-0.4219063292861424,0.0,1.2236530570043707
-0.13520275856479536,1.0782628940170347,0.7213427061167846,-0.4269121607369025,0.0,1.2384162618573653
-0.13677902196248715,1.0910742049475026,0.7298509843037287,-0.43191799218766264,0.0,1.2531794667103602
-0.1383552853601789,1.1038855158779706,0.7383592624906729,-0.43692382363842275,0.0,1.2679426715633548
-0.13993154875787067,1.1166968268084385,0.746867540677617,-0.4419296550891829,0.0,1.2827058764163495
-0.14150781215556246,1.1295081377389067,0.7553758188645611,-0.446935486539943,0.0,1.2974690812693441
-0.14308407555325423,1.1423194486693746,0.7638840970515053,-0.45194131799070314,0.0,1.312232286122339
-0.144660338950946,1.1551307595998426,0.7723923752384494,-0.45694714944146325,0.0,1.3269954909753336
-0.14623660234863778,1.1679420705303105,0.7809006534253935,-0.46195298089222336,0.0,1.3417586958283283
-0.14781286574632954,1.1807533814607785,0.7894089316123376,-0.4669588123429835,0.0,1.3565219006813232
-0.1493891291440213,1.1935646923912464,0.7979172097992817,-0.4719646437937436,0.0,1.3712851055343178
-0.1509653925417131,1.2063760033217141,0.8064254879862258,-0.4769704752445037,0.0,1.3859565062672041
-0.15254165593940486,1.21840343777243,0.81493376617317,-0.4819763066952638,0.0,1.3981738110311643
-0.15411791933709662,1.2271300840324018,0.8231080657656159,-0.4869821381460239,0.0,1.406900457291136
-0.1556941827347884,1.2323660717883846,0.8283440535215989,-0.4916591277670814,0.0,1.412136445047119
T,r,u,e
-0.15691455249578318,1.234111401040379,0.8300893827735932,-0.49340445701907576,-1.2096009739444706e-16,1.4138817742991134
-0.15691455249578318,1.2323660717883849,0.8283440535215989,-0.4916591277670814,-1.2096009739444706e-16,1.4138817742991134
-0.15691455249578318,1.2281107245355407,0.8231080657656159,-0.48642314001109843,-1.2096009739444706e-16,1.4138817742991134
-0.15691455249578318,1.2237459247209477,0.8143892163230079,-0.47769649375112677,-1.2096009739444706e-16,1.4138817742991134
-0.15691455249578318,1.2193811249063546,0.8041505475912019,-0.4654791889871665,-1.2096009739444706e-16,1.4138817742991134
-0.15691455249578318,1.2150163250917616,0.7939118788593958,-0.4504849290309492,-1.2096009739444706e-16,1.4138817742991134
-0.15691455249578318,1.2106515252771686,0.7836732101275898,-0.43526380789081576,-1.2096009739444706e-16,1.4138817742991134
-0.15691455249578318,1.2062867254625755,0.7734345413957838,-0.4200426867506823,-1.2096009739444706e-16,1.4138817742991134
-0.15691455249578318,1.2019219256479825,0.7631958726639778,-0.4048215656105489,-1.2096009739444706e-16,1.4138817742991134
-0.15691455249578318,1.1975571258333895,0.7529572039321719,-0.3896004444704154,-1.2096009739444706e-16,1.4138817742991134
-0.15691455249578318,1.1931923260187964,0.7427185352003659,-0.37437932333028195,-1.2096009739444706e-16,1.4138817742991134
-0.15691455249578318,1.1888275262042034,0.7324798664685599,-0.3591582021901485,-1.2096009739444706e-16,1.4138817742991134
-0.15691455249578318,1.1844627263896104,0.7222411977367539,-0.3439370810500151,-1.2096009739444706e-16,1.4138817742991134
-0.15691455249578318,1.1800979265750173,0.7120025290049479,-0.3287159599098816,-1.2096009739444706e-16,1.4138817742991134
-0.15691455249578318,1.1757331267604243,0.7017638602731419,-0.31349483876974815,-1.2096009739444706e-16,1.4138817742991134
-0.15691455249578318,1.1713683269458313,0.6915251915413358,-0.29827371762961474,-1.2096009739444706e-16,1.4138817742991134
-0.15691455249578318,1.1670035271312382,0.6812865228095298,-0.2830525964894813,-1.2096009739444706e-16,1.4138817742991134
-0.15691455249578318,1.1626387273166452,0.6710478540777238,-0.2678314753493478,-1.2096009739444706e-16,1.4138817742991134
-0.15691455249578318,1.1582739275020522,0.6608091853459179,-0.2526103542092144,-1.2096009739444706e-16,1.4138817742991134
-0.15691455249578318,1.1539091276874591,0.6505705166141118,-0.23738923306908094,-1.2096009739444706e-16,1.4138817742991134
-0.15691455249578318,1.149544327872866,0.6403318478823059,-0.22216811192894748,-1.2096009739444706e-16,1.4138817742991134
-0.15691455249578318,1.145179528058273,0.6300931791504999,-0.20694699078881407,-1.2096009739444706e-16,1.4138817742991134
-0.15691455249578318,1.14081472824368,0.6198545104186939,-0.19172586964868055,-1.2096009739444706e-16,1.4138817742991134
-0.15691455249578318,1.136449928429087,0.6096158416868879,-0.17650474850854714,-1.2096009739444706e-16,1.4138817742991134
-0.15691455249578318,1.132085128614494,0.5993771729550819,-0.16128362736841373,-1.2096009739444706e-16,1.4138817742991134
-0.15691455249578318,1.127720328799901,0.5891385042232758,-0.1460625062282802,-1.2096009739444706e-16,1.4138817742991134
-0.15691455249578318,1.1233555289853079,0.5788998354914698,-0.1308413850881468,-1.2096009739444706e-16,1.4138817742991134
-0.15691455249578318,1.1189907291707148,0.5686611667596639,-0.11562026394801328,-1.2096009739444706e-16,1.4138817742991134
-0.15691455249578318,1.1146259293561218,0.5584224980278578,-0.10039914280787987,-1.2096009739444706e-16,1.4138817742991134
-0.15691455249578318,1.1102611295415288,0.5481838292960519,-0.08517802166774646,-1.2096009739444706e-16,1.4138817742991134
-0.15691455249578318,1.1058963297269357,0.5379451605642459,-0.06995690052761294,-1.2096009739444706e-16,1.4138817742991134
-0.15691455249578318,1.1015315299123427,0.5277064918324399,-0.05473577938747953,-1.2096009739444706e-16,1.4138817742991134
-0.15691455249578318,1.0971667300977497,0.5174678231006339,-0.03951465824734601,-1.2096009739444706e-16,1.4138817742991134
-0.15691455249578318,1.0928019302831566,0.5072291543688279,-0.024293537107212604,-1.2096009739444706e-16,1.4138817742991134
-0.15691455249578318,1.0884371304685636,0.49699048563702186,-0.009072415967079084,-1.2096009739444706e-16,1.4138817742991134
-0.15691455249578318,1.0840723306539706,0.48675181690521585,0.006148705173054325,-1.2096009739444706e-16,1.4138817742991134
-0.15691455249578318,1.0797075308393775,0.4765131481734099,0.021369826313187623,-1.2096009739444706e-16,1.4138817742991134
-0.15691455249578318,1.0753427310247845,0.4662744794416039,0.03659094745332114,-1.2096009739444706e-16,1.4138817742991134
-0.15691455249578318,1.0709779312101915,0.4560358107097979,0.05181206859345455,-1.2096009739444706e-16,1.4138817742991134
-0.15691455249578318,1.0666131313955984,0.44579714197799186,0.06703318973358796,-1.2096009739444706e-16,1.4138817742991134
-0.15691455249578318,1.0622483315810054,0.43555847324618585,0.08225431087372148,-1.2096009739444706e-16,1.4138817742991134
-0.15691455249578318,1.0578835317664121,0.42531980451437984,0.09747543201385489,-1.2096009739444706e-16,1.4138817742991134
-0.15691455249578318,1.0535187319518193,0.41508113578257394,0.11269655315398841,-1.2096009739444706e-16,1.4138817742991134
-0.15691455249578318,1.0491539321372263,0.40484246705076793,0.12791767429412182,-1.2096009739444706e-16,1.4138817742991134
-0.15691455249578318,1.044789132322633,0.3946037983189619,0.14313879543425534,-1.2096009739444706e-16,1.4138817742991134
-0.15691455249578318,1.04042433250804,0.3843651295871559,0.15835991657438875,-1.2096009739444706e-16,1.4138817742991134
-0.15691455249578318,1.036059532693447,0.3741264608553499,0.17335417653060636,-1.2096009739444706e-16,1.4138817742991134
-0.15691455249578318,1.031694732878854,0.3638877921235439,0.1855714812945667,-1.2096009739444706e-16,1.4138817742991134
-0.15691455249578318,1.027329933064261,0.35516894268093574,0.19429812755453824,-1.2096009739444706e-16,1.4138817742991134
-0.15691455249578318,1.023074585811417,0.34993295492495274,0.19953411531052123,-1.2096009739444706e-16,1.4138817742991134
R,e,a,c,h,_,m,i,d
-0.15691455249578318,1.0213292565594225,0.3481876256729584,0.20127944456251562,-1.2096009739444706e-16,1.4138817742991134
-0.15516922324378885,1.0198855667756208,0.34993295492495274,0.1995341153105213,-1.2096009739444706e-16,1.4156271035511077
-0.14993323548780585,1.0178460597969978,0.35516894268093574,0.1942981275545383,-1.2096009739444706e-16,1.4208630913070908
-0.14120658922783422,1.0158065528183746,0.3638955889409074,0.18557170258985392,-1.2096009739444706e-16,1.4295897375670623
-0.12898928446387392,1.0137670458397516,0.37586683507133883,0.17513903270792608,-1.2096009739444706e-16,1.4418070423310227
-0.11328132119592493,1.0117275388611287,0.3885188153102742,0.16470636282599824,-1.2096009739444706e-16,1.4575150055989716
-0.09420705567492221,1.0096880318825054,0.40117079554920965,0.15427369294407042,-1.2096009739444706e-16,1.4765892711199744
-0.07419486127677832,1.0076485249038825,0.4138227757881451,0.14384102306214258,-1.2096009739444706e-16,1.4966014655181183
-0.05418266687863446,1.0056090179252593,0.42647475602708046,0.13340835318021474,-1.2096009739444706e-16,1.516613659916262
-0.034170472480490585,1.0035695109466363,0.43912673626601584,0.12297568329828693,-1.2096009739444706e-16,1.536625854314406
-0.01415827808234671,1.001530003968013,0.45177871650495127,0.11254301341635908,-1.2096009739444706e-16,1.55663804871255
0.005853916315797181,0.9994904969893901,0.4644306967438867,0.10211034353443126,-1.2096009739444706e-16,1.5766502431106937
0.025866110713941043,0.997450990010767,0.4770826769828221,0.09167767365250343,-1.2096009739444706e-16,1.5966624375088376
0.04587830511208493,0.9954114830321439,0.48973465722175746,0.08124500377057559,-1.2096009739444706e-16,1.6166746319069816
0.06589049951022882,0.9933719760535208,0.5023866374606929,0.07081233388864774,-1.2096009739444706e-16,1.6366868263051255
0.08590269390837266,0.9913324690748978,0.5150386176996283,0.06037966400671996,-1.2096009739444706e-16,1.6566990207032692
0.10591488830651657,0.9892929620962747,0.5276905979385638,0.04994699412479209,-1.2096009739444706e-16,1.6767112151014132
0.1259270827046604,0.9872534551176516,0.5403425781774991,0.039514324242864274,-1.2096009739444706e-16,1.696723409499557
0.14593927710280424,0.9852139481390285,0.5529945584164345,0.02908165436093646,-1.2096009739444706e-16,1.7167356038977009
0.1659514715009482,0.9831744411604054,0.56564653865537,0.01864898447900859,-1.2096009739444706e-16,1.7367477982958448
0.18596366589909208,0.9811349341817823,0.5782985188943054,0.008216314597080776,-1.2096009739444706e-16,1.7567599926939887
0.2059758602972359,0.9790954272031592,0.5909504991332408,-0.002216355284847038,-1.2096009739444706e-16,1.7767721870921325
0.2259880546953798,0.9770559202245361,0.6036024793721761,-0.012649025166774908,-1.2096009739444706e-16,1.7967843814902764
0.2460002490935237,0.9750164132459131,0.6162544596111117,-0.02308169504870272,-1.2096009739444706e-16,1.8167965758884204
0.2660124434916675,0.97297690626729,0.628906439850047,-0.033514364930630536,-1.2096009739444706e-16,1.836808770286564
0.2860246378898114,0.970937399288667,0.6415584200889825,-0.043947034812558405,-1.2096009739444706e-16,1.856820964684708
0.3060368322879553,0.9688978923100439,0.6542104003279179,-0.05437970469448622,-1.2096009739444706e-16,1.876833159082852
0.3260490266860992,0.9668583853314208,0.6668623805668532,-0.06481237457641403,-1.2096009739444706e-16,1.896845353480996
0.34606122108424303,0.9648188783527977,0.6795143608057888,-0.0752450444583419,-1.2096009739444706e-16,1.9168575478791396
0.36607341548238687,0.9627793713741746,0.6921663410447241,-0.08567771434026966,-1.2096009739444706e-16,1.9368697422772834
0.3860856098805307,0.9607398643955516,0.7048183212836594,-0.09611038422219753,-1.2096009739444706e-16,1.9568819366754273
0.40609780427867465,0.9587003574169285,0.7174703015225949,-0.10654305410412535,-1.2096009739444706e-16,1.9768941310735713
0.4261099986768186,0.9566608504383054,0.7301222817615303,-0.11697572398605321,-1.2096009739444706e-16,1.9969063254717152
0.4461221930749624,0.9546213434596823,0.7427742620004658,-0.12740839386798103,-1.2096009739444706e-16,2.016918519869859
0.46613438747310637,0.9525818364810592,0.7554262422394011,-0.1378410637499089,-1.2096009739444706e-16,2.036930714268003
0.4861465818712502,0.9505423295024361,0.7680782224783366,-0.1482737336318367,-1.2096009739444706e-16,2.056942908666147
0.506158776269394,0.948502822523813,0.780730202717272,-0.15870640351376453,-1.2096009739444706e-16,2.0769551030642908
0.5261709706675379,0.94646331554519,0.7933821829562073,-0.16913907339569234,-1.2096009739444706e-16,2.0969672974624345
0.5461831650656819,0.9444238085665669,0.8060341631951428,-0.1795717432776202,-1.2096009739444706e-16,2.1169794918605787
0.5661953594638256,0.9423843015879438,0.8186861434340782,-0.19000441315954802,-1.2096009739444706e-16,2.1369916862587224
0.5862075538619695,0.9403447946093207,0.8313381236730136,-0.2004370830414759,-1.2096009739444706e-16,2.157003880656866
0.6062197482601135,0.9383052876306976,0.8439901039119491,-0.2108697529234037,-1.2096009739444706e-16,2.1770160750550103
0.6262319426582572,0.9362657806520746,0.8566420841508844,-0.22130242280533152,-1.2096009739444706e-16,2.197028269453154
0.6462441370564012,0.9342262736734515,0.8692940643898197,-0.23173509268725934,-1.2096009739444706e-16,2.2170404638512977
0.6662563314545451,0.9321867666948285,0.8819460446287553,-0.2421677625691872,-1.2096009739444706e-16,2.237052658249442
0.6862685258526888,0.9301472597162054,0.8945980248676906,-0.252600432451115,-1.2096009739444706e-16,2.2570648526475856
0.7062807202508328,0.9281077527375823,0.9072500051066259,-0.2630331023330429,-1.2096009739444706e-16,2.2770770470457293
0.7262929146489767,0.9260682457589592,0.9199019853455614,-0.2734657722149707,-1.2096009739444706e-16,2.2970892414438735
0.7463051090471204,0.9240287387803361,0.9325539655844968,-0.2838984420968985,-1.2096009739444706e-16,2.317101435842017
0.7663173034452644,0.921989231801713,0.9452059458234321,-0.29433111197882633,-1.2096009739444706e-16,2.337113630240161
0.7863294978434083,0.9199497248230899,0.9578579260623676,-0.3047637818607542,-1.2096009739444706e-16,2.357125824638305
0.806341692241552,0.9179102178444668,0.970509906301303,-0.315196451742682,-1.2096009739444706e-16,2.377138019036449
0.826353886639696,0.9158707108658437,0.9831618865402385,-0.32562912162460983,-1.2096009739444706e-16,2.3971502134345926
0.84636608103784,0.9138312038872207,0.9958138667791738,-0.33606179150653764,-1.2096009739444706e-16,2.4171624078327367
0.8663782754359839,0.9117916969085976,1.0084658470181094,-0.34649446138846546,-1.2096009739444706e-16,2.4371746022308804
0.8863904698341278,0.9097521899299745,1.0211178272570447,-0.35692713127039327,-1.2096009739444706e-16,2.457186796629024
0.9064026642322718,0.9077126829513514,1.0337698074959802,-0.3673598011523212,-1.2096009739444706e-16,2.4771989910271683
0.9264148586304155,0.9056731759727283,1.0464217877349156,-0.377792471034249,-1.2096009739444706e-16,2.497211185425312
0.9464270530285592,0.9036336689941054,1.0590737679738509,-0.3882251409161768,-1.2096009739444706e-16,2.517223379823456
0.9664392474267032,0.9015941620154823,1.0717257482127862,-0.39865781079810464,-1.2096009739444706e-16,2.5372355742216
0.9864514418248471,0.8995546550368592,1.0843777284517218,-0.40909048068003256,-1.2096009739444706e-16,2.5572477686197437
1.0064636362229908,0.8975151480582361,1.097029708690657,-0.4195231505619604,-1.2096009739444706e-16,2.5772599630178874
1.0264758306211348,0.895475641079613,1.1096816889295926,-0.4299558204438882,-1.2096009739444706e-16,2.5972721574160316
1.0464880250192787,0.8934361341009899,1.122333669168528,-0.440388490325816,-1.2096009739444706e-16,2.6172843518141753
1.0665002194174227,0.8913966271223668,1.1349856494074633,-0.45082116020774393,-1.2096009739444706e-16,2.637296546212319
1.0865124138155664,0.8893571201437438,1.1476376296463988,-0.46125383008967175,-1.2096009739444706e-16,2.657308740610463
1.1065246082137103,0.8873176131651206,1.1602896098853341,-0.47168649997159956,-1.2096009739444706e-16,2.677320935008607
1.1265368026118543,0.8852781061864976,1.1729415901242697,-0.4821191698535274,-1.2096009739444706e-16,2.6973331294067506
1.1465489970099982,0.8832385992078745,1.185593570363205,-0.4925518397354553,-1.2096009739444706e-16,2.717345323804895
1.166561191408142,0.8811990922292514,1.1982455506021406,-0.5029845096173831,-1.2096009739444706e-16,2.7373575182030385
1.1856354569291443,0.8791595852506283,1.2108975308410759,-0.513417179499311,-1.2096009739444706e-16,2.756431783724041
1.2013434201970932,0.8771200782720052,1.2235495110800112,-0.5238498493812385,-1.2096009739444706e-16,2.7721397469919897
1.2135607249610534,0.8750805712933821,1.2355207572104423,-0.5342825192631664,-1.2096009739444706e-16,2.7843570517559497
1.2222873712210252,0.873041064314759,1.2442474034704138,-0.543008944227851,-1.2096009739444706e-16,2.7930836980159217
1.227523358977008,0.871001557336136,1.249483391226397,-0.5482449319838341,-1.2096009739444706e-16,2.7983196857719044
i,n,_,p,o,n,d
1.2292686882290025,0.8695578675523339,1.2512287204783912,-0.5499902612358283,-4.1016714481553395e-17,2.800065015023899
1.2297875206316677,0.8692909247594149,1.2517560000217964,-0.5502505979863146,-4.095684004996944e-17,2.8005838474265645
1.231345061438222,0.8684935925753906,1.2533308307031228,-0.5510280964836166,-4.077703015826487e-17,2.8021413882331188
1.233944429340634,0.8671763364160522,1.2559322405871065,-0.5523122502082619,-4.047672672153886e-17,2.804740756135531
1.2375907813880007,0.8653565229877307,1.2595254461792362,-0.5540856423720701,-4.005500537498875e-17,2.8083871081828975
1.2422912503438466,0.8630583121838822,1.264062095722231,-0.5563240811112165,-3.951058445491838e-17,2.8130875771387434
1.2480548540206706,0.860312516024203,1.2694805881665294,-0.5589967773958356,-3.884183820506326e-17,2.8188511808155674
1.254892373646821,0.8571564338819926,1.2757064482806253,-0.5620665553677211,-3.804681484253738e-17,2.8256887004417175
1.2628161975194434,0.8536336745402243,1.282652735516025,-0.5654900832613526,-3.7123260298497803e-17,2.83361252431434
1.2718401254446716,0.8497939761153359,1.2902204629911498,-0.5692181123115889,-3.606864862469004e-17,2.842636452239568
1.2819791287945106,0.8456930346085356,1.2982990032568795,-0.5731957110705184,-3.4880220222210194e-17,2.8527754555894074
1.2932490604646805,0.8413923508749971,1.306766459158759,-0.5773624832388594,-3.3555029193542984e-17,2.8640453872595772
1.305666308660681,0.8369591042829163,1.315489980812857,-0.5816527583008766,-3.209000122950993e-17,2.8764626354555776
1.3192473883503526,0.8324660594443225,1.324326013089073,-0.5859957457384988,-3.048200350062037e-17,2.890043715145249
1.333990628000441,0.8279966652284099,1.3331103330260843,-0.5903106714595974,-2.87300513892942e-17,2.9047869547953376
1.349195927956533,0.8238190893120219,1.341316366693817,-0.5943391292109421,-2.6916655047651134e-17,2.91999225475143
1.364490887896104,0.8200468176338765,1.3487222919994966,-0.5979727828384763,-2.508628842532886e-17,2.9352872146910007
1.379868956666058,0.8166774141286354,1.355334074927194,-0.6012151622609326,-2.32400604663367e-17,2.9506652834609546
1.3953233630372956,0.8137088087282942,1.36115684249549,-0.6040693244288875,-2.1379131649624616e-17,2.966119689832192
1.4108471317148041,0.8111392591213821,1.3661949569666783,-0.6065378892931635,-1.950471081356498e-17,2.981643458509701
1.4264331007090643,0.808967318074166,1.3704520789345762,-0.6086230702138454,-1.7618051612441517e-17,2.997229427503961
1.4420739399724654,0.8071918058680894,1.3739312202811813,-0.6103266993543739,-1.5720448625577128e-17,3.012870266767362
1.457762171188605,0.8058117874997416,1.3766347877952807,-0.6116502485001255,-1.3813233144510582e-17,3.028558497983502
1.473490188587642,0.8048265543664903,1.3785646180796385,-0.612594845651232,-1.1897768668162068e-17,3.0442865153825385
1.4892502806476002,0.8042356102258419,1.379722004230573,-0.613161287661518,-9.975446140107847e-18,3.060046607442497
1.5050346525299274,0.8040386612724504,1.3801077146490142,-0.6133500491265678,-8.047678965825483e-18,3.075830979324824
1.5208354490879532,0.8042356102258419,1.379722004230573,-0.613161287661518,-6.115897850984788e-18,3.09163177588285
1.536644778279386,0.80482655436649,1.378564618079639,-0.6125948456512321,-4.181545504473256e-18,3.1074411050742827
1.5524547348087643,0.8058117874997416,1.3766347877952807,-0.6116502485001255,-2.2460712517977236e-18,3.123251061603661
1.5682574238229825,0.8071918058680894,1.3739312202811809,-0.6103266993543734,-3.109256057505727e-19,3.139053750617879
1.5840449844826638,0.808967318074166,1.3704520789345762,-0.6086230702138454,1.6224451582572255e-18,-3.128343995902026
1.599809613234289,0.8111392591213821,1.3661949569666783,-0.6065378892931635,3.552604375024353e-18,-3.112579367150401
1.6155435866125334,0.8137088087282942,1.36115684249549,-0.6040693244288875,5.478130264342278e-18,-3.0968453937721563
1.6312392834091092,0.816677414128635,1.3553340749271947,-0.601215162260933,7.397621063199391e-18,-3.0811496969755807
1.6468892060534155,0.8200468176338767,1.3487222919994961,-0.597972782838476,9.309699973212518e-18,-3.065499774331274
1.662486001061251,0.823819089312022,1.3413163666938166,-0.5943391292109418,1.1213019884037605e-17,-3.0499029793234387
1.6780224784204956,0.8279966652284102,1.3331103330260838,-0.5903106714595973,1.310626783699154e-17,-3.034366501964194
1.6931164654122046,0.8324660594443225,1.324326013089073,-0.5859957457384988,1.4942569149994368e-17,-3.019272514972485
1.7070464666783334,0.8369591042829158,1.3154899808128577,-0.5816527583008767,1.6634251430598537e-17,-3.0053425137063563
1.7198044058456947,0.8413923508749971,1.306766459158759,-0.5773624832388594,1.8180772831866754e-17,-2.992584574538995
1.731401465623796,0.8456930346085356,1.2982990032568795,-0.5731957110705184,1.9584011171572205e-17,-2.9809875147608937
1.74184933305765,0.8497939761153359,1.2902204629911498,-0.5692181123115889,2.084594785849661e-17,-2.9705396473270396
1.7511597532788543,0.8536336745402243,1.282652735516025,-0.5654900832613526,2.19685857967518e-17,-2.9612292271058354
1.7593441448331726,0.8571564338819929,1.2757064482806246,-0.5620665553677208,2.295387918230735e-17,-2.953044835551517
1.7664132721133738,0.8603125160242027,1.2694805881665299,-0.5589967773958358,2.3803674248038187e-17,-2.945975708271316
1.7723769701387555,0.863058312183882,1.2640620957222315,-0.5563240811112167,2.451965994150089e-17,-2.940012010245934
1.7772439169644343,0.8653565229877305,1.2595254461792367,-0.5540856423720704,2.5103327523888754e-17,-2.9351450634202556
1.7810214492916159,0.8671763364160522,1.2559322405871065,-0.5523122502082619,2.5555938139185072e-17,-2.931367531093074
1.7837154173172904,0.8684935925753906,1.2533308307031228,-0.5510280964836166,2.5878497503237368e-17,-2.9286735630673992
1.7853300754552113,0.8692909247594153,1.2517560000217958,-0.5502505979863143,2.6071736990758216e-17,-2.9270589049294786
l,a,s,t,_,s,e,g
1.7853300754552113,0.8692909247594153,1.2517560000217958,-0.5502505979863143,2.6071736990758216e-17,-2.9270589049294786
1.7846098759191393,0.8675455955074209,1.25350132927379,-0.5486593028599029,2.6071736990758216e-17,-2.9277791044655506
1.7837944287191698,0.862309607751438,1.258737317029773,-0.5462056405279135,2.6071736990758216e-17,-2.9285945516655203
1.7829789815192,0.8535829614914663,1.2667969468332307,-0.5437519781959242,2.6071736990758216e-17,-2.9294099988654896
1.7821635343192306,0.8427159460052136,1.275110994326828,-0.541298315863935,2.6071736990758216e-17,-2.9302254460654593
1.781348087119261,0.8318236210128181,1.2834250418204252,-0.5388446535319455,2.6071736990758216e-17,-2.9310408932654286
1.7805326399192916,0.8209312960204228,1.2917390893140224,-0.5363909911999563,2.6071736990758216e-17,-2.9318563404653983
1.779717192719322,0.8100389710280274,1.3000531368076196,-0.533937328867967,2.6071736990758216e-17,-2.932671787665368
1.7789017455193523,0.799146646035632,1.3083671843012168,-0.5314836665359776,2.6071736990758216e-17,-2.9334872348653374
1.7780862983193828,0.7882543210432366,1.3166812317948138,-0.5290300042039883,2.6071736990758216e-17,-2.934302682065307
1.7772708511194133,0.7773619960508411,1.324995279288411,-0.5265763418719989,2.6071736990758216e-17,-2.9351181292652764
1.7764554039194438,0.7664696710584458,1.3333093267820082,-0.5241226795400096,2.6071736990758216e-17,-2.935933576465246
1.7756399567194743,0.7555773460660504,1.3416233742756054,-0.5216690172080203,2.6071736990758216e-17,-2.936749023665216
1.7748245095195048,0.744685021073655,1.3499374217692026,-0.5192153548760309,2.6071736990758216e-17,-2.937564470865185
1.774009062319535,0.7337926960812595,1.3582514692627998,-0.5167616925440416,2.6071736990758216e-17,-2.938379918065155
1.7731936151195655,0.7229003710888642,1.3665655167563968,-0.5143080302120523,2.6071736990758216e-17,-2.939195365265124
1.772378167919596,0.7120080460964688,1.374879564249994,-0.5118543678800629,2.6071736990758216e-17,-2.940010812465094
1.7715627207196265,0.7011157211040734,1.3831936117435912,-0.5094007055480736,2.6071736990758216e-17,-2.9408262596650636
1.770747273519657,0.6902233961116779,1.3915076592371884,-0.5069470432160843,2.6071736990758216e-17,-2.941641706865033
1.7699318263196873,0.6793310711192826,1.3998217067307857,-0.5044933808840949,2.6071736990758216e-17,-2.9424571540650026
1.7691163791197178,0.6684387461268873,1.4081357542243826,-0.5020397185521056,2.6071736990758216e-17,-2.943272601264972
1.7683009319197482,0.6575464211344918,1.4164498017179799,-0.4995860562201163,2.6071736990758216e-17,-2.9440880484649417
1.7674854847197787,0.6466540961420963,1.424763849211577,-0.49713239388812697,2.6071736990758216e-17,-2.9449034956649114
1.7666700375198092,0.635761771149701,1.4330778967051743,-0.4946787315561376,2.6071736990758216e-17,-2.9457189428648807
1.7658545903198395,0.6248694461573057,1.4413919441987715,-0.49222506922414827,2.6071736990758216e-17,-2.9465343900648504
1.76503914311987,0.6139771211649102,1.4497059916923685,-0.489771406892159,2.6071736990758216e-17,-2.9473498372648197
1.7642236959199005,0.6030847961725148,1.4580200391859657,-0.48731774456016963,2.6071736990758216e-17,-2.9481652844647894
1.763408248719931,0.5921924711801194,1.4663340866795629,-0.4848640822281803,2.6071736990758216e-17,-2.948980731664759
1.7625928015199614,0.581300146187724,1.47464813417316,-0.482410419896191,2.6071736990758216e-17,-2.9497961788647284
1.761777354319992,0.5704078211953286,1.4829621816667573,-0.47995675756420164,2.6071736990758216e-17,-2.950611626064698
1.7609619071200222,0.5595154962029332,1.4912762291603545,-0.47750309523221235,2.6071736990758216e-17,-2.9514270732646675
1.7601464599200527,0.5486231712105378,1.4995902766539517,-0.475049432900223,2.6071736990758216e-17,-2.952242520464637
1.7593310127200832,0.5377308462181424,1.5079043241475487,-0.47259577056823365,2.6071736990758216e-17,-2.953057967664607
1.7585155655201137,0.5268385212257469,1.516218371641146,-0.4701421082362443,2.6071736990758216e-17,-2.953873414864576
1.7577001183201442,0.5159461962333516,1.5245324191347431,-0.46768844590425496,2.6071736990758216e-17,-2.954688862064546
1.7568846711201744,0.5050538712409561,1.5328464666283403,-0.46523478357226566,2.6071736990758216e-17,-2.9555043092645152
1.756069223920205,0.4941615462485608,1.5411605141219376,-0.4627811212402763,2.6071736990758216e-17,-2.956319756464485
1.7552537767202354,0.4832692212561654,1.5494745616155345,-0.46032745890828697,2.6071736990758216e-17,-2.9571352036644543
1.754438329520266,0.47237689626377,1.5577886091091317,-0.4578737965762977,2.6071736990758216e-17,-2.957950650864424
1.7536228823202964,0.4614845712713746,1.566102656602729,-0.45542013424430833,2.6071736990758216e-17,-2.9587660980643937
1.7528074351203267,0.45059224627897915,1.5744167040963262,-0.452966471912319,2.6071736990758216e-17,-2.959581545264363
1.7519919879203572,0.43969992128658375,1.5827307515899234,-0.4505128095803297,2.6071736990758216e-17,-2.9603969924643327
1.7511765407203876,0.4288075962941884,1.5910447990835204,-0.44805914724834034,2.6071736990758216e-17,-2.961212439664302
1.7503610935204181,0.417915271301793,1.5993588465771176,-0.445605484916351,2.6071736990758216e-17,-2.9620278868642718
1.7495456463204486,0.4070229463093976,1.6076728940707148,-0.4431518225843617,2.6071736990758216e-17,-2.9628433340642415
1.748730199120479,0.39613062131700216,1.615986941564312,-0.44069816025237235,2.6071736990758216e-17,-2.963658781264211
1.7479147519205094,0.38523829632460677,1.6243009890579092,-0.438244497920383,2.6071736990758216e-17,-2.9644742284641805
1.7470993047205399,0.37434597133221137,1.6326150365515064,-0.4357908355883937,2.6071736990758216e-17,-2.96528967566415
1.7462838575205704,0.363453646339816,1.6409290840451034,-0.43333717325640436,2.6071736990758216e-17,-2.9661051228641195
1.7454684103206008,0.3525613213474207,1.6492431315387006,-0.430883510924415,2.6071736990758216e-17,-2.9669205700640893
1.7446529631206313,0.34166899635502523,1.6575571790322978,-0.4284298485924257,2.6071736990758216e-17,-2.9677360172640586
1.7438375159206616,0.3307766713626298,1.665871226525895,-0.4259761862604364,2.6071736990758216e-17,-2.9685514644640283
1.743022068720692,0.31988434637023433,1.6741852740194922,-0.423522523928447,2.6071736990758216e-17,-2.9693669116639976
1.7422066215207226,0.308992021377839,1.6824993215130895,-0.4210688615964577,2.6071736990758216e-17,-2.9701823588639673
1.741391174320753,0.29809969638544354,1.6908133690066864,-0.41861519926446833,2.6071736990758216e-17,-2.970997806063937
1.7405757271207836,0.2872073713930481,1.6991274165002836,-0.41616153693247904,2.6071736990758216e-17,-2.9718132532639063
1.7397602799208138,0.27631504640065263,1.7074414639938809,-0.4137078746004897,2.6071736990758216e-17,-2.972628700463876
1.7389448327208443,0.2654227214082573,1.715755511487478,-0.41125421226850034,2.6071736990758216e-17,-2.9734441476638453
1.7381293855208748,0.25453039641586206,1.7240695589810753,-0.40880054993651105,2.6071736990758216e-17,-2.974259594863815
1.7373139383209053,0.24363807142346672,1.7323836064746723,-0.40634688760452176,2.6071736990758216e-17,-2.975075042063785
1.7364984911209358,0.23274574643107127,1.7406976539682695,-0.4038932252725324,2.6071736990758216e-17,-2.975890489263754
1.7356830439209663,0.22185342143867592,1.7490117014618667,-0.40143956294054306,2.6071736990758216e-17,-2.976705936463724
1.7348675967209966,0.21096109644628047,1.757325748955464,-0.39898590060855377,2.6071736990758216e-17,-2.977521383663693
1.734052149521027,0.20006877145388502,1.765639796449061,-0.39653223827656436,2.6071736990758216e-17,-2.978336830863663
1.7332367023210575,0.18917644646148968,1.773953843942658,-0.39407857594457507,2.6071736990758216e-17,-2.9791522780636326
1.732421255121088,0.17828412146909423,1.7822678914362555,-0.3916249136125858,2.6071736990758216e-17,-2.979967725263602
1.7316058079211185,0.16739179647669888,1.7905819389298525,-0.3891712512805964,2.6071736990758216e-17,-2.9807831724635716
1.7307903607211488,0.15649947148430343,1.7988959864234497,-0.3867175889486071,2.6071736990758216e-17,-2.981598619663541
1.7299749135211793,0.14560714649190798,1.807210033917047,-0.38426392661661773,2.6071736990758216e-17,-2.9824140668635106
1.7291594663212098,0.13471482149951264,1.8155240814106441,-0.3818102642846284,2.6071736990758216e-17,-2.9832295140634804
1.7283440191212402,0.12382249650711719,1.8238381289042414,-0.3793566019526391,2.6071736990758216e-17,-2.9840449612634496
1.7275285719212707,0.11293017151472184,1.8321521763978383,-0.37690293962064975,2.6071736990758216e-17,-2.9848604084634194
1.726713124721301,0.10203784652232639,1.8404662238914355,-0.3744492772886604,2.6071736990758216e-17,-2.9856758556633887
1.7258976775213315,0.09114552152993094,1.8487802713850328,-0.3719956149566711,2.6071736990758216e-17,-2.9864913028633584
1.725082230321362,0.0802531965375356,1.8570943188786297,-0.36954195262468176,2.6071736990758216e-17,-2.9873067500633277
1.7242667831213925,0.06936087154514015,1.8654083663722272,-0.3670882902926924,2.6071736990758216e-17,-2.9881221972632974
1.723451335921423,0.058468546552744805,1.8737224138658242,-0.3646346279607031,2.6071736990758216e-17,-2.988937644463267
1.7226358887214532,0.04757622156034935,1.8820364613594216,-0.3621809656287137,2.6071736990758216e-17,-2.9897530916632364
1.7218204415214837,0.0366838965679539,1.8903505088530186,-0.3597273032967244,2.6071736990758216e-17,-2.990568538863206
1.7210049943215142,0.02579157157555856,1.8986645563466158,-0.3572736409647351,2.6071736990758216e-17,-2.9913839860631755
1.7201895471215447,0.014899246583163106,1.906978603840213,-0.3548199786327457,2.6071736990758216e-17,-2.992199433263145
1.7193740999215752,0.004006921590767654,1.91529265133381,-0.35236631630075643,2.6071736990758216e-17,-2.993014880463115
1.7185586527216055,-0.006885403401627688,1.9236066988274074,-0.3499126539687671,2.6071736990758216e-17,-2.993830327663084
1.717743205521636,-0.01777772839402314,1.9319207463210044,-0.34745899163677774,2.6071736990758216e-17,-2.994645774863054
1.7169277583216664,-0.02867005338641826,1.9402347938146016,-0.34500532930478844,2.6071736990758216e-17,-2.9954612220630232
1.716112311121697,-0.03956237837881371,1.9485488413081988,-0.34255166697279915,2.6071736990758216e-17,-2.996276669262993
1.7152968639217274,-0.05045470337120905,1.9568628888017958,-0.3400980046408098,2.6071736990758216e-17,-2.9970921164629627
1.714481416721758,-0.061347028363604506,1.9651769362953933,-0.33764434230882046,2.6071736990758216e-17,-2.997907563662932
1.7136659695217882,-0.07223935335599996,1.9734909837889902,-0.33519067997683116,2.6071736990758216e-17,-2.9987230108629017
1.7128505223218187,-0.0831316783483953,1.9818050312825874,-0.3327370176448418,2.6071736990758216e-17,-2.999538458062871
1.7120350751218492,-0.09402400334079075,1.9901190787761847,-0.33028335531285247,2.6071736990758216e-17,-3.0003539052628407
1.7112196279218796,-0.10491632833318609,1.9984331262697819,-0.3278296929808632,2.6071736990758216e-17,-3.0011693524628105
1.7104041807219101,-0.11580865332558155,2.006747173763379,-0.32537603064887377,2.6071736990758216e-17,-3.0019847996627798
1.7095887335219404,-0.126700978317977,2.015061221256976,-0.3229223683168845,2.6071736990758216e-17,-3.0028002468627495
1.708773286321971,-0.13759330331037234,2.0233752687505735,-0.3204687059848952,2.6071736990758216e-17,-3.0036156940627188
1.7079578391220014,-0.14848562830276768,2.0316893162441705,-0.3180150436529058,2.6071736990758216e-17,-3.0044311412626885
1.7071423919220319,-0.15937795329516302,2.0400033637377675,-0.3155613813209165,2.6071736990758216e-17,-3.0052465884626582
1.7063269447220624,-0.17024496878141637,2.048317411231365,-0.31310771898892714,2.6071736990758216e-17,-3.0060620356626275
1.7055114975220929,-0.17897161504138814,2.0563770410348234,-0.3106540566569378,2.6071736990758216e-17,-3.0068774828625973
1.7046960503221231,-0.18420760279737103,2.0616130287908065,-0.3082003943249485,2.6071736990758216e-17,-3.0076929300625665
R,e,a,c,h,_,m,i,d,_,2
1.7039758507860516,-0.18595293204936542,2.0633583580428008,-0.3066090991985386,1.626161664848177e-17,-3.008413129598638
1.7022305215340574,-0.18420760279737108,2.0616130287908065,-0.30673657677321015,-0.0017453292519943131,-3.006667800346644
1.6969945337780743,-0.1789716150413881,2.0563770410348234,-0.30686647116300125,-0.006981317007977301,-3.0014318125906607
1.6882678875181028,-0.17024496878141646,2.047650394774852,-0.3069963655527923,-0.015707963267948946,-2.992705166330689
1.6760505827541423,-0.15802766401745616,2.0360080593607277,-0.30712625994258336,-0.02621532408843543,-2.9804878615667287
1.6603426194861934,-0.1427994142344813,2.0240489330939666,-0.30725615433237446,-0.03672286610340637,-2.96477989829878
1.6411439977142557,-0.1271761577556055,2.012089806827205,-0.3073860487221655,-0.047230408118377296,-2.945581276526842
1.6184547174383295,-0.11155290127672968,2.0001306805604435,-0.30751594311195657,-0.05773795013334823,-2.922891996250916
1.5922747786584146,-0.09592964479785387,1.9881715542936824,-0.3076458375017477,-0.06824549214831915,-2.897086909794399
1.5626041813745108,-0.08030638831897806,1.976212428026921,-0.30777573189153873,-0.07875303416329008,-2.8707793447330063
1.5294429255866187,-0.06468313184010224,1.9642533017601596,-0.3079056262813298,-0.08926057617826101,-2.844471779671614
1.4927910112947378,-0.04905987536122641,1.9522941754933982,-0.3080355206711209,-0.09976811819323193,-2.8181642146102215
1.4526484384988683,-0.03343661888235061,1.940335049226637,-0.30816541506091194,-0.11027566020820287,-2.791856649548829
1.40901520719901,-0.01781336240347481,1.9283759229598756,-0.308295309450703,-0.1207832022231738,-2.765549084487436
1.361891317395163,-0.0021901059245989785,1.9164167966931143,-0.3084252038404941,-0.13129074423814474,-2.7392415194260438
1.3112767690873275,0.013433150554276824,1.904457670426353,-0.30855509823028515,-0.14179828625311566,-2.7129339543646513
1.2571715622755033,0.029056407033152626,1.8924985441595916,-0.3086849926200762,-0.15230582826808658,-2.6866263893032585
1.1995756969596902,0.044679663512028456,1.8805394178928303,-0.3088148870098673,-0.16281337028305753,-2.660318824241866
1.138489173139889,0.06030291999090426,1.8685802916260688,-0.30894478139965836,-0.17332091229802843,-2.6340112591804736
1.0739119908160988,0.07592617646978012,1.8566211653593074,-0.3090746757894494,-0.18382845431299938,-2.607703694119081
1.0058441499883197,0.09154943294865592,1.8446620390925461,-0.3092045701792405,-0.19433599632797033,-2.5813961290576883
0.9342856506565526,0.10717268942753172,1.8327029128257848,-0.3093344645690316,-0.20484353834294122,-2.555088563996296
0.8592364928207963,0.12279594590640747,1.8207437865590235,-0.3094643589588226,-0.21535108035791217,-2.5287809989349035
0.7806966764810513,0.13841920238528332,1.8087846602922621,-0.30959425334861373,-0.2258586223728831,-2.502473433873511
0.698666201637318,0.15404245886415918,1.7968255340255008,-0.3097241477384048,-0.23636616438785402,-2.476165868812118
0.6131450682895958,0.16966571534303493,1.7848664077587395,-0.30985404212819584,-0.24687370640282497,-2.4498583037507258
0.524133276437885,0.1852889718219108,1.7729072814919782,-0.30998393651798695,-0.2573812484177959,-2.4235507386893334
0.4316308260821855,0.20091222830078664,1.7609481552252166,-0.310113830907778,-0.26788879043276687,-2.397243173627941
0.33563771722249736,0.2165354847796624,1.7489890289584553,-0.31024372529756905,-0.2783963324477378,-2.370935608566548
0.23746076316142628,0.23215874125853814,1.737029902691694,-0.31037361968736016,-0.28890387446270865,-2.3446280435051556
0.13925214298759814,0.247781997737414,1.7250707764249327,-0.3105035140771512,-0.2994114164776796,-2.318320478443763
0.04104352281377022,0.26340525421628985,1.7131116501581714,-0.31063340846694226,-0.30991895849265055,-2.2920129133823703
-0.057165097360057926,0.2790285106951657,1.70115252389141,-0.31076330285673337,-0.3204265005076215,-2.265705348320978
-0.15537371753388585,0.29465176717404146,1.6891933976246487,-0.3108931972465244,-0.33093404252259245,-2.2393977832595855
-0.253582337707714,0.3102750236529173,1.6772342713578872,-0.3110230916363155,-0.3414415845375634,-2.213090218198193
-0.3517909578815419,0.32589828013179317,1.6652751450911258,-0.3111529860261066,-0.3519491265525343,-2.1867826531368
-0.4499995780553694,0.3415215366106689,1.6533160188243645,-0.31128288041589763,-0.3624566685675052,-2.160475088075408
-0.5482081982291978,0.3571447930895448,1.6413568925576032,-0.3114127748056887,-0.37296421058247614,-2.1341675230140154
-0.6464168184030257,0.3727680495684205,1.6293977662908419,-0.3115426691954798,-0.3834717525974471,-2.107859957952623
-0.7446254385768536,0.3883913060472964,1.6174386400240806,-0.31167256358527085,-0.39397929461241804,-2.08155239289123
-0.842834058750682,0.40401456252617224,1.6054795137573192,-0.3118024579750619,-0.40448683662738893,-2.0552448278298376
-0.9410426789245094,0.4196378190050481,1.5935203874905577,-0.311932352364853,-0.4149943786423599,-2.028937262768445
-1.039251299098337,0.43526107548392373,1.5815612612237966,-0.31206224675464406,-0.4255019206573308,-2.002629697707053
-1.1374599192721653,0.4508843319627996,1.569602134957035,-0.31219214114443516,-0.43600946267230173,-1.9763221326456601
-1.2356685394459936,0.46650758844167545,1.557643008690274,-0.3123220355342262,-0.4465170046872726,-1.9500145675842677
-1.3338771596198211,0.4821308449205513,1.5456838824235124,-0.31245192992401727,-0.4570245467022436,-1.923707002522875
-1.4320857797936495,0.49775410139942705,1.5337247561567513,-0.3125818243138084,-0.4675320887172145,-1.8973994374614827
-1.530262733854722,0.513377357878303,1.5217656298899898,-0.31271171870359943,-0.47803963073218547,-1.87109187240009
-1.6262558427144094,0.5290006143571786,1.5098065036232287,-0.3128416130933905,-0.48854717274715637,-1.8447843073386976
-1.7187582930701089,0.5446238708360545,1.4978473773564671,-0.3129715074831816,-0.49905471476212726,-1.818476742277305
-1.80777008492182,0.5602471273149303,1.4858882510897058,-0.31310140187297264,-0.5095622567770982,-1.7921691772159125
-1.893291218269542,0.5758703837938062,1.4739291248229445,-0.3132312962627637,-0.5200697987920692,-1.7658616121545199
-1.9753216931132753,0.591493640272682,1.461969998556183,-0.3133611906525548,-0.5305773408070401,-1.7395540470931274
-2.05386150945302,0.6071168967515579,1.4500108722894218,-0.31349108504234585,-0.5410848828220111,-1.7132464820317348
-2.1289106672887765,0.6227401532304335,1.4380517460226603,-0.3136209794321369,-0.551592424836982,-1.6869389169703422
-2.200469166620544,0.6383634097093096,1.4260926197558992,-0.313750873821928,-0.562099966851953,-1.6606313519089497
-2.268537007448323,0.6539866661881855,1.4141334934891376,-0.31388076821171906,-0.5726075088669239,-1.634323786847557
-2.3331141897721133,0.6696099226670611,1.4021743672223763,-0.3140106626015101,-0.5831150508818949,-1.6080162217861644
-2.3942007135919137,0.6852331791459367,1.390215240955615,-0.3141405569913012,-0.5936225928968656,-1.5817086567247722
-2.4517965789077274,0.7008564356248126,1.3782561146888535,-0.3142704513810923,-0.6041301349118365,-1.5554010916633796
-2.505901785719551,0.7164796921036882,1.3662969884220924,-0.3144003457708833,-0.6146376769268075,-1.5290935266019872
-2.556516334027387,0.7321029485825641,1.3543378621553308,-0.31453024016067443,-0.6251452189417784,-1.5027859615405945
-2.6036402238312335,0.7477262050614399,1.3423787358885695,-0.3146601345504655,-0.6356527609567493,-1.476478396479202
-2.6472734551310917,0.7633494615403158,1.3304196096218082,-0.31479002894025654,-0.6461603029717202,-1.4501708314178094
-2.6874160279269614,0.7789727180191917,1.3184604833550468,-0.31491992333004765,-0.6566678449866912,-1.4238632663564168
-2.7240679422188427,0.7945959744980675,1.3065013570882855,-0.3150498177198387,-0.6671753870016621,-1.3975557012950244
-2.7572291980067347,0.8102192309769434,1.294542230821524,-0.31517971210962975,-0.6776829290166331,-1.3712481362336317
-2.7868997952906382,0.825842487455819,1.2825831045547629,-0.31530960649942086,-0.688190471031604,-1.344940571172239
-2.8130797340705533,0.8414657439346949,1.2706239782880013,-0.3154395008892119,-0.698698013046575,-1.3191354847157215
-2.83576901434648,0.8570890004135707,1.25866485202124,-0.31556939527900296,-0.7092055550615459,-1.2964462044397953
-2.8549676361184173,0.8727122568924466,1.2467057257544787,-0.31569928966879407,-0.7197130970765169,-1.2772475826678578
-2.870675599386366,0.8879405066754227,1.2347465994877176,-0.3158291840585851,-0.7302206390914878,-1.2615396193999089
-2.8828929041503266,0.9001578114393829,1.2231042640735925,-0.3159590784483762,-0.7407279999119756,-1.2493223146359487
-2.8916195504102977,0.9088844576993547,1.2143776178136207,-0.3160889728381673,-0.7494546461719472,-1.240595668375977
-2.8968555381662813,0.9141204454553375,1.2091416300576379,-0.31621886722795833,-0.7546906339279302,-1.235359680619994
